<?xml version='1.0' encoding='utf-8' standalone='yes' ?>
<map>
    <string name="v2LastAppVersion">6.0.0</string>
    <string name="OsVersion">Android 13</string>
    <boolean name="SuccessfulClose" value="true" />
    <long name="v2AppPauseTimestampMillis" value="1767927906839" />
    <long name="InstallDate" value="1767927830" />
    <string name="LastVersion">6.0.0</string>
    <string name="LifecycleData">{&quot;runmode&quot;:&quot;Application&quot;,&quot;installdate&quot;:&quot;1\/9\/2026&quot;,&quot;serverCallType&quot;:&quot;click&quot;,&quot;locale&quot;:&quot;en-US&quot;,&quot;resolution&quot;:&quot;1080x2171&quot;,&quot;platform&quot;:&quot;mobile-android&quot;,&quot;subBrand&quot;:&quot;&quot;,&quot;adobeecid&quot;:&quot;&quot;,&quot;launchevent&quot;:&quot;LaunchEvent&quot;,&quot;brand&quot;:&quot;discoveryplus&quot;,&quot;monthlyenguserevent&quot;:&quot;MonthlyEngUserEvent&quot;,&quot;usertype&quot;:&quot;avod&quot;,&quot;distributionBrand&quot;:&quot;dpi&quot;,&quot;loginStatus&quot;:&quot;0&quot;,&quot;environment&quot;:&quot;prod&quot;,&quot;appid&quot;:&quot;Discovery+ 6.0.0 (232)&quot;,&quot;installevent&quot;:&quot;InstallEvent&quot;,&quot;dayofweek&quot;:&quot;6&quot;,&quot;devicename&quot;:&quot;f62581601a104e0e&quot;,&quot;hourofday&quot;:&quot;8&quot;,&quot;osversion&quot;:&quot;Android 13&quot;,&quot;family&quot;:&quot;discoveryplus&quot;,&quot;analyticsCodeVersion&quot;:&quot;JAVA-1.2.4-1.11.1-AN&quot;,&quot;dailyenguserevent&quot;:&quot;DailyEngUserEvent&quot;,&quot;launches&quot;:&quot;1&quot;}</string>
    <string name="AppId">Discovery+ 6.0.0 (232)</string>
    <long name="SessionStart" value="1767927862" />
    <long name="v2AppStartTimestampMillis" value="1767927900920" />
    <int name="Launches" value="1" />
    <long name="v2AppCloseTimestampMillis" value="1767927906839" />
    <long name="LastDateUsed" value="1767927830" />
    <long name="PauseDate" value="1767927906" />
</map>
