<?xml version='1.0' encoding='utf-8' standalone='yes' ?>
<map>
    <string name="prev_event_name">af_complete_registration</string>
    <long name="prev_event_timestamp" value="1767934512623" />
    <int name="appsFlyerInAppEventCount" value="1" />
    <long name="prev_session_dur" value="4" />
    <string name="afUninstallToken">erq7xOJOSU-JlZrCofFFwF:APA91bGlu3VsXjMeTwGgOXq5k0XSLufG02vowg-t65J8DKk5LYe9h_elCEfXOKBFfZ8jI0OFJ3RMJuv3i888vjpVBgV4CmAgwaVvh6E0JuZmysp_qn3kDNA</string>
    <long name="af_rc_max_age" value="86400" />
    <boolean name="ddl_sent" value="true" />
    <string name="sentSuccessfully">true</string>
    <string name="af_remote_config">eyJmZWF0dXJlcyI6e30sInZlciI6ImRlZmF1bHQudjEuMTYzNzE0OTUyOSJ9</string>
    <int name="versionCode" value="235" />
    <boolean name="sentRegisterRequestToAF" value="true" />
    <string name="savedProperties">{&quot;uid&quot;:&quot;1767934483088-6174351355729119812&quot;,&quot;waitForCustomerId&quot;:&quot;false&quot;,&quot;logLevel&quot;:&quot;0&quot;,&quot;AppUserId&quot;:&quot;USERID:dplusindia:f0c0853f-24f8-4a1d-b672-98c5d57508f2&quot;}</string>
    <string name="AF_INSTALLATION">1767934483088-6174351355729119812</string>
    <boolean name="afUninstallToken_queued" value="false" />
    <int name="appsFlyerCount" value="5" />
    <long name="af_rc_timestamp" value="1767934483410" />
    <long name="AppsFlyerTimePassedSincePrevLaunch" value="1767935130503" />
    <boolean name="newGPReferrerSent" value="true" />
    <string name="appsFlyerFirstInstall">2026-01-09_102443+0530</string>
    <long name="afUninstallToken_received_time" value="1767934485546" />
    <string name="attributionId">{&quot;install_time&quot;:&quot;2026-01-09 04:54:45.358&quot;,&quot;af_message&quot;:&quot;organic install&quot;,&quot;af_status&quot;:&quot;Organic&quot;,&quot;is_first_launch&quot;:false}</string>
</map>
