<?xml version='1.0' encoding='utf-8' standalone='yes' ?>
<map>
    <long name="feature_usage_last_report_time" value="1767927828134" />
    <string name="feature_usage_package_name">com.discoveryplus.mobile.android</string>
    <string name="feature_usage_sdk_version">20.1.0</string>
    <string name="client_sender_id">f86e6478-9bb7-4546-82bc-ca1b3e6af2a1</string>
    <long name="feature_usage_timestamp_reported_feature_5" value="1767927828045" />
    <long name="feature_usage_timestamp_detected_feature_33" value="1767927829717" />
</map>
