<?xml version='1.0' encoding='utf-8' standalone='yes' ?>
<map>
    <long name="first_open_time" value="1767927827219" />
    <string name="gmp_app_id">1:368652264107:android:930aba9b2741fc95298dee</string>
    <string name="app_instance_id">899ea1b4efe9a872c74d8c6a0c66f610</string>
    <long name="session_id" value="1767927827" />
    <boolean name="app_backgrounded" value="true" />
    <long name="health_monitor:start" value="1767927827375" />
    <boolean name="use_service" value="true" />
    <boolean name="deferred_analytics_collection" value="false" />
    <string name="previous_os_version">13</string>
    <boolean name="has_been_opened" value="true" />
    <boolean name="allow_remote_dynamite" value="true" />
    <long name="last_pause_time" value="1767927906839" />
    <boolean name="start_new_session" value="false" />
</map>
