<?xml version='1.0' encoding='utf-8' standalone='yes' ?>
<map>
    <long name="com.rzmod.Raj.classes.cloneTimestamp" value="1767934973902" />
    <long name="com.facebook.appevents.SessionInfo.sessionStartTime" value="1767935113522" />
    <long name="com.facebook.appevents.SessionInfo.sessionEndTime" value="1767935133966" />
    <boolean name="bg_startup_tracing" value="false" />
    <int name="com.facebook.appevents.SessionInfo.interruptionCount" value="2" />
    <int name="com.rzmod.Raj.classes.originalInstallVersionCode" value="235" />
    <string name="com.facebook.appevents.SessionInfo.sessionId">89c3e644-1a4b-4956-9e57-89e014d25b3b</string>
</map>
