<?xml version='1.0' encoding='utf-8' standalone='yes' ?>
<map>
    <long name="first_open_time" value="1767934481611" />
    <string name="gmp_app_id">1:368652264107:android:930aba9b2741fc95298dee</string>
    <string name="app_instance_id">b1e835096598c90bf33501a0ab75678e</string>
    <long name="session_id" value="1767934482" />
    <boolean name="app_backgrounded" value="true" />
    <long name="health_monitor:start" value="1767934481744" />
    <boolean name="use_service" value="true" />
    <boolean name="deferred_analytics_collection" value="false" />
    <string name="previous_os_version">15</string>
    <boolean name="has_been_opened" value="true" />
    <boolean name="allow_remote_dynamite" value="true" />
    <long name="last_pause_time" value="1767935133967" />
    <boolean name="start_new_session" value="false" />
</map>
