<?xml version='1.0' encoding='utf-8' standalone='yes' ?>
<map>
    <long name="com.facebook.appevents.SessionInfo.sessionStartTime" value="1767927827852" />
    <long name="com.facebook.appevents.SessionInfo.sessionEndTime" value="1767927906839" />
    <boolean name="bg_startup_tracing" value="false" />
    <int name="com.facebook.appevents.SessionInfo.interruptionCount" value="6" />
    <int name="com.encdata.missl.classes.originalInstallVersionCode" value="232" />
    <long name="com.encdata.missl.classes.cloneTimestamp" value="1765623876874" />
    <string name="com.facebook.appevents.SessionInfo.sessionId">9ab0df74-45f8-44be-a952-6f27e04951e4</string>
</map>
