<?xml version='1.0' encoding='utf-8' standalone='yes' ?>
<map>
    <set name="fire-installations/18.0.0 fire-transport/18.2.0 fire-cls/19.0.0 device-brand/f625816019769e6c fire-rc/22.0.0 fire-dl/22.0.0 kotlin/2.1.0 fire-abt/21.1.1 fire-core/21.0.0 device-name/2caa9c27ba0fa94 fire-sessions/2.0.0 fire-core-ktx/21.0.0 android-platform/ fire-dl-ktx/22.0.0 android-min-sdk/22 fire-vertex/16.0.0-beta04 fire-android/35 android-installer/com.android.vending fire-iid/21.1.0 fire-perf/21.0.0 fire-analytics/22.0.0 device-model/ce8aaaa318192811 fire-fcm/24.0.0 android-target-sdk/27">
        <string>2026-01-09</string>
    </set>
    <long name="fire-count" value="1" />
    <string name="last-used-date">2026-01-09</string>
    <long name="fire-global" value="1767934481688" />
</map>
