<?xml version='1.0' encoding='utf-8' standalone='yes' ?>
<map>
    <boolean name="notifications_enabled_upd" value="false" />
    <int name="kvinit_staleness" value="86400" />
    <int name="os_version_ts" value="1767927828" />
    <boolean name="installed_date_upd" value="false" />
    <boolean name="huawei_referrer_upd" value="false" />
    <boolean name="session_tracking" value="true" />
    <boolean name="ssid_upd" value="false" />
    <boolean name="device_limit_tracking" value="false" />
    <string name="huawei_referrer">JSO::{&quot;status&quot;:&quot;missing_dependency&quot;,&quot;attempt_count&quot;:1,&quot;duration&quot;:0.001}</string>
    <int name="init_url_map_index" value="0" />
    <int name="screen_inches_ts" value="1767927828" />
    <int name="installed_date" value="1767927819" />
    <boolean name="is_genuine_upd" value="false" />
    <int name="nvp_ts" value="1767927891" />
    <boolean name="product_name_upd" value="false" />
    <boolean name="installer_package_upd" value="false" />
    <int name="installed_date_ts" value="1767927828" />
    <boolean name="network_metered_upd" value="false" />
    <string name="last_install">JSO::{&quot;kochava_device_id&quot;:&quot;KA31011767927827t0ad7c4b22e3a435dadcddf495daeb0bc&quot;,&quot;kochava_app_id&quot;:&quot;kodiscovery-plus-android-prod-51bkknq&quot;,&quot;sdk_version&quot;:&quot;AndroidTracker 3.10.1&quot;,&quot;app_version&quot;:&quot;232&quot;,&quot;os_version&quot;:&quot;Android 13&quot;,&quot;time&quot;:1767927828,&quot;count&quot;:1}</string>
    <string name="whitelist">JSA::[&quot;custom&quot;,&quot;custom_id&quot;]</string>
    <boolean name="is_genuine" value="true" />
    <int name="language_ts" value="1767927828" />
    <boolean name="push" value="false" />
    <int name="screen_dpi" value="440" />
    <int name="kvinit_wait" value="60" />
    <int name="instant_app_ts" value="1767927828" />
    <int name="init_last_sent" value="1767927827" />
    <int name="network_metered_ts" value="1767927891" />
    <int name="notifications_enabled_ts" value="1767927907" />
    <int name="adid_ts" value="1767927828" />
    <boolean name="iab_usp_upd" value="false" />
    <boolean name="manufacturer_upd" value="false" />
    <string name="device">STR::f62581601a104e0e-f625816019769e6c</string>
    <int name="disp_h_ts" value="1767927891" />
    <int name="screen_dpi_ts" value="1767927891" />
    <boolean name="screen_inches_upd" value="false" />
    <int name="manufacturer_ts" value="1767927828" />
    <string name="bssid">STR::02:00:00:00:00:00</string>
    <int name="app_short_string_ts" value="1767927828" />
    <boolean name="screen_brightness_upd" value="false" />
    <boolean name="notifications_enabled" value="false" />
    <boolean name="app_name_upd" value="false" />
    <string name="ssid">STR::&lt;unknown ssid&gt;</string>
    <boolean name="background_location_upd" value="false" />
    <boolean name="carrier_name_upd" value="false" />
    <string name="manufacturer">STR::d915bbccb40eb54c</string>
    <boolean name="bluetooth_name_upd" value="false" />
    <boolean name="disp_h_upd" value="false" />
    <long name="screen_inches" value="4618779187840496435" />
    <string name="adid">STR::b23188a2-001a-4eed-832a-c3e5f43e752e</string>
    <boolean name="architecture_upd" value="false" />
    <boolean name="device_upd" value="false" />
    <int name="huawei_referrer_ts" value="1767927828" />
    <boolean name="bms_upd" value="false" />
    <boolean name="initial_needs_sent" value="false" />
    <int name="attribution_time" value="1767927831" />
    <string name="sdk_version">STR::AndroidTracker 3.10.1</string>
    <boolean name="device_cores_upd" value="false" />
    <int name="session_window" value="600" />
    <int name="init_url_map_selected_date_int" value="20240101" />
    <string name="dp_options">JSO::{&quot;install_referrer&quot;:{},&quot;huawei_referrer&quot;:{}}</string>
    <int name="android_id_ts" value="1767927828" />
    <string name="architecture">STR::aarch64</string>
    <int name="initial_sent_time" value="1767927828" />
    <boolean name="instant_app" value="false" />
    <int name="screen_brightness_ts" value="1767927907" />
    <boolean name="network_metered" value="false" />
    <string name="network_conn_type">STR::wifi</string>
    <int name="ssid_ts" value="1767927891" />
    <int name="battery_level" value="91" />
    <int name="install_referrer_ts" value="1767927828" />
    <boolean name="instant_apps_install_deeplink_clicks_kill" value="true" />
    <boolean name="bssid_upd" value="false" />
    <string name="os_version">STR::Android 13</string>
    <string name="blacklist">JSA::[]</string>
    <boolean name="android_id_upd" value="false" />
    <boolean name="app_limit_trackingupd" value="false" />
    <boolean name="os_version_upd" value="false" />
    <int name="device_limit_tracking_ts" value="1767927828" />
    <long name="screen_brightness" value="4571139210262245854" />
    <int name="launch_count" value="2" />
    <string name="kochava_app_id">STR::kodiscovery-plus-android-prod-51bkknq</string>
    <boolean name="internal_logging_enabled" value="true" />
    <string name="app_name">STR::Discovery+</string>
    <int name="product_name_ts" value="1767927828" />
    <string name="install_referrer">JSO::{&quot;status&quot;:&quot;ok&quot;,&quot;attempt_count&quot;:1,&quot;duration&quot;:0.022,&quot;referrer&quot;:&quot;utm_source=google-play&amp;utm_medium=organic&quot;,&quot;install_begin_time&quot;:0,&quot;referrer_click_time&quot;:0,&quot;google_play_instant&quot;:false}</string>
    <int name="networking_tracking_wait" value="10" />
    <boolean name="background_location" value="false" />
    <boolean name="app_short_string_upd" value="false" />
    <int name="app_name_ts" value="1767927828" />
    <long name="getattribution_wait" value="4613937818241073152" />
    <boolean name="init_url_map_rotated" value="false" />
    <boolean name="install_referrer_upd" value="false" />
    <boolean name="deeplinks_allow_deferred" value="true" />
    <boolean name="sdk_disabled" value="false" />
    <boolean name="package_upd" value="false" />
    <int name="is_genuine_ts" value="1767927828" />
    <int name="session_window_uptime" value="47" />
    <string name="app_version">STR::232</string>
    <long name="bms-long" value="1767503679298" />
    <boolean name="session_pause_sent_this_window" value="true" />
    <int name="device_ts" value="1767927828" />
    <string name="language">STR::en-US</string>
    <int name="install_count" value="1" />
    <boolean name="instant_app_upd" value="false" />
    <boolean name="language_upd" value="false" />
    <boolean name="battery_level_upd" value="false" />
    <string name="eventname_blacklist">JSA::[]</string>
    <long name="instant_apps_install_deeplink_wait" value="4621819117588971520" />
    <int name="timezone_ts" value="1767927891" />
    <int name="background_location_ts" value="1767927907" />
    <boolean name="device_orientation_upd" value="false" />
    <int name="network_conn_type_ts" value="1767927891" />
    <string name="package">STR::com.discoveryplus.mobile.android</string>
    <int name="ui_mode_ts" value="1767927891" />
    <int name="session_state_active_count" value="5" />
    <boolean name="app_version_upd" value="false" />
    <int name="carrier_name_ts" value="1767927891" />
    <int name="first_launch_time" value="1767927827" />
    <int name="package_ts" value="1767927827" />
    <int name="disp_h" value="2392" />
    <int name="nvp" value="0" />
    <string name="product_name">STR::2caa9c27ba0fa94</string>
    <int name="session_minimum" value="45" />
    <string name="battery_status">STR::discharging</string>
    <long name="volume" value="4593970658933163321" />
    <boolean name="fire_adid_upd" value="false" />
    <boolean name="nvp_upd" value="false" />
    <int name="device_cores" value="8" />
    <int name="locale_ts" value="1767927891" />
    <string name="device_orientation">STR::portrait</string>
    <int name="device_orientation_ts" value="1767927907" />
    <int name="disp_w" value="1080" />
    <boolean name="device_limit_tracking_upd" value="false" />
    <int name="architecture_ts" value="1767927828" />
    <string name="ui_mode">STR::Normal</string>
    <int name="battery_status_ts" value="1767927891" />
    <boolean name="locale_upd" value="false" />
    <int name="installer_package_ts" value="1767927828" />
    <string name="timezone">STR::Asia/Kolkata</string>
    <boolean name="timezone_upd" value="false" />
    <boolean name="ui_mode_upd" value="false" />
    <boolean name="last_launch_instant_app" value="false" />
    <string name="locale">STR::en-US</string>
    <int name="device_cores_ts" value="1767927828" />
    <int name="disp_w_ts" value="1767927891" />
    <boolean name="network_conn_type_upd" value="false" />
    <string name="app_short_string">STR::6.0.0</string>
    <long name="deeplinks_timeout_minimum-long" value="250" />
    <boolean name="has_upgraded" value="true" />
    <string name="carrier_name">STR::</string>
    <boolean name="fb_attribution_id_upd" value="false" />
    <int name="app_version_ts" value="1767927828" />
    <int name="battery_level_ts" value="1767927891" />
    <int name="volume_ts" value="1767927904" />
    <long name="networking_seconds_per_request" value="0" />
    <boolean name="screen_dpi_upd" value="false" />
    <int name="bms_ts" value="1767927828" />
    <boolean name="session_pause_ever_sent" value="true" />
    <boolean name="initial_ever_sent" value="true" />
    <long name="deeplinks_timeout_maximum-long" value="30000" />
    <string name="installer_package">STR::com.android.vending</string>
    <string name="kochava_device_id">STR::KA31011767927827t0ad7c4b22e3a435dadcddf495daeb0bc</string>
    <int name="session_resume_time" value="1767927828" />
    <boolean name="oaid_upd" value="false" />
    <int name="bssid_ts" value="1767927891" />
    <boolean name="adid_upd" value="false" />
    <boolean name="signal_bars_upd" value="false" />
    <boolean name="battery_status_upd" value="false" />
    <string name="attribution">STR::{&quot;attribution&quot;:&quot;false&quot;}</string>
    <boolean name="send_updates" value="true" />
    <string name="android_id">STR::5772cdceddb9070c</string>
    <boolean name="disp_w_upd" value="false" />
    <boolean name="volume_upd" value="false" />
    <string name="networking_urls">JSO::{}</string>
</map>
