{"Fid":"erq7xOJOSU-JlZrCofFFwF","Status":3,"AuthToken":"eyJhbGciOiJFUzI1NiIsInR5cCI6IkpXVCJ9.eyJhcHBJZCI6IjE6MzY4NjUyMjY0MTA3OmFuZHJvaWQ6OTMwYWJhOWIyNzQxZmM5NTI5OGRlZSIsImV4cCI6MTc2ODUzOTI4MiwiZmlkIjoiZXJxN3hPSk9TVS1KbFpyQ29mRkZ3RiIsInByb2plY3ROdW1iZXIiOjM2ODY1MjI2NDEwN30.AB2LPV8wRQIgW9Hk_ZgJYw757VZzG5LNsCr11W1dzCBy5GmbH7llHGoCIQCXxBUlWOKGhejFZ_yVgVN-xs9qiWUJuqNA9OTxICodIw","RefreshToken":"3_AS3qfwIlBlJ-EABdnC1ElXBpMCsTXzAPiAny8Vz1PtcV4WJ5thulhh0bAlM7MNMHveW6wxYEwRbUkKVFZxqQTMxk_VuWJMbzkjPW469bwKaLR-o","TokenCreationEpochInSecs":1767934482,"ExpiresInSecs":604800}