{"Fid":"e4biOHuVS-OjCP2i6NEFaQ","Status":3,"AuthToken":"eyJhbGciOiJFUzI1NiIsInR5cCI6IkpXVCJ9.eyJhcHBJZCI6IjE6MzY4NjUyMjY0MTA3OmFuZHJvaWQ6OTMwYWJhOWIyNzQxZmM5NTI5OGRlZSIsImV4cCI6MTc2ODUzMjYyOCwiZmlkIjoiZTRiaU9IdVZTLU9qQ1AyaTZORUZhUSIsInByb2plY3ROdW1iZXIiOjM2ODY1MjI2NDEwN30.AB2LPV8wRgIhAMbRhEXWLTWzv-yOW0il3c4npvgWBqzfehxJfCr1UFgsAiEA0ZGjUv7z3wpXo67F6uMwZ6YY9Hyga10wEkl7YHkItbo","RefreshToken":"3_AS3qfwJyBINQBj6KJJITM5Y7NOEHRwOQ3mXVxZpgGHgiRlCr7ZSCDvVjS6rKZdyPFTr3lGyOqRaK2Fl6TDRHy597uFHYa6svqwmkjTh561creXU","TokenCreationEpochInSecs":1767927828,"ExpiresInSecs":604800}